{
  "n_boot": 10,
  "n_shots": 332,
  "edge_f1": {
    "mean": 0.8782222222222222,
    "ci95": [
      0.8180000000000001,
      0.888888888888889
    ]
  },
  "scm_r2": {
    "mean": 0.6643072371806321,
    "ci95": [
      0.5634610660522735,
      0.7135552514866057
    ]
  },
  "intervention": {
    "mean": 0.7756342934016696,
    "ci95": [
      0.7229026653116087,
      0.8120744538529338
    ]
  },
  "per_var": {
    "betan": {
      "mean": 0.7294718943324644,
      "ci95": [
        0.3496721001888918,
        0.9718221941814872
      ]
    },
    "betap": {
      "mean": 0.5516332755273925,
      "ci95": [
        0.09055594118084423,
        0.9241292655266863
      ]
    },
    "q_95": {
      "mean": 0.663018031179619,
      "ci95": [
        0.5269308436821748,
        0.7488788527199496
      ]
    },
    "q_axis": {
      "mean": 0.9619532736292526,
      "ci95": [
        0.9533266001313646,
        0.9700684803165917
      ]
    },
    "elongation": {
      "mean": 0.5916393208508088,
      "ci95": [
        0.5549566751211676,
        0.6437428699464938
      ]
    },
    "li": {
      "mean": 0.18497082927952344,
      "ci95": [
        0.09040140500806665,
        0.4006687829221538
      ]
    },
    "wplasmd": {
      "mean": 0.6643047230997858,
      "ci95": [
        0.3478306220584935,
        0.9300087520325556
      ]
    },
    "betat": {
      "mean": 0.9653385730508877,
      "ci95": [
        0.9239870040674857,
        0.9885251131581383
      ]
    }
  }
}