{
  "model": "Super-GRU",
  "params": {
    "high_thr": 0.4,
    "low_thr": 0.3,
    "t_hysteresis": 0.01,
    "t_useful": 0.005
  },
  "n_test_shots": 69,
  "n_dis": 28,
  "n_cln": 41,
  "metrics": {
    "f1_score": 0.7606,
    "f2_score": 0.871,
    "recall_score": 0.9643,
    "precision_score": 0.6279,
    "roc_auc_score": 0.787,
    "accuracy_score": 0.7536,
    "confusion_matrix": [
      [
        25,
        16
      ],
      [
        1,
        27
      ]
    ],
    "tpr": 0.9643,
    "fpr": 0.3902,
    "Warning_curve": [
      [
        0.47500000000000003,
        0.47000000000000003,
        0.435,
        0.4,
        0.4,
        0.395,
        0.39,
        0.385,
        0.385,
        0.38,
        0.36,
        0.325,
        0.315,
        0.305,
        0.305,
        0.3,
        0.28500000000000003,
        0.275,
        0.265,
        0.265,
        0.26,
        0.245,
        0.17500000000000002,
        0.16,
        0.115,
        0.075,
        0.04
      ],
      [
        0.0,
        0.03571428571428571,
        0.07142857142857142,
        0.10714285714285714,
        0.14285714285714285,
        0.17857142857142858,
        0.21428571428571427,
        0.25,
        0.2857142857142857,
        0.32142857142857145,
        0.35714285714285715,
        0.39285714285714285,
        0.42857142857142855,
        0.4642857142857143,
        0.5,
        0.5357142857142857,
        0.5714285714285714,
        0.6071428571428571,
        0.6428571428571429,
        0.6785714285714286,
        0.7142857142857143,
        0.75,
        0.7857142857142857,
        0.8214285714285714,
        0.8571428571428571,
        0.8928571428571429,
        0.9285714285714286
      ]
    ]
  }
}