{
  "label_type": "Ip_quench_50pct_drop",
  "n_shots": 332,
  "n_disrupted": 19,
  "n_clean": 313,
  "n_tp": 23721,
  "n_disruption_tp": 366,
  "folds": 5,
  "auc": {
    "A": {
      "mean": 0.9645361656917386,
      "std": 0.03206083853854644
    },
    "B": {
      "mean": 0.8991954941149892,
      "std": 0.07619491160685712
    },
    "C": {
      "mean": 0.9649044891099589,
      "std": 0.027214668899973204
    },
    "F": {
      "mean": 0.9609666416754695,
      "std": 0.038502326441481376
    }
  },
  "f1": {
    "A": 0.5999461497241525,
    "B": 0.2957673803464189,
    "C": 0.607128385254336,
    "F": 0.47841198211103997
  },
  "recall": {
    "A": 0.5642651003777683,
    "B": 0.2705046036193973,
    "C": 0.5778783319299311,
    "F": 0.7959027787363857
  },
  "precision": {
    "A": 0.716090250769485,
    "B": 0.36188322624914226,
    "C": 0.727311507936508,
    "F": 0.3642952236569258
  },
  "r2_fused": 0.8977737762344776,
  "r2_A": 0.9308069564653069,
  "r2_B": 0.5630471487319891,
  "intervention": 0.7851983856584944,
  "edge_f1": 0.888888888888889,
  "frnn_auc": 0.92,
  "per_var_r2_fused": {
    "betan": 0.9833671991818769,
    "betap": 0.9458237555144915,
    "q_95": 0.8687088297362177,
    "q_axis": 0.9585396658807834,
    "elongation": 0.7791696565900451,
    "li": 0.9343604719426655,
    "wplasmd": 0.8993844687394803,
    "betat": 0.9670924338593814,
    "Ip": 0.7435175046653575
  }
}