{
  "n_shots": 332,
  "n_timepoints": 23721,
  "n_vars": 9,
  "full_data": {
    "edge_f1": 0.888888888888889,
    "edge_precision": 0.8571428571428571,
    "edge_recall": 0.9230769230769231,
    "scm_r2_overall": 0.37600338549670975,
    "scm_r2_per_var": {
      "betan": 0.2549580057833666,
      "betap": 0.041470601321594545,
      "q_95": 0.1754846380468793,
      "q_axis": 0.8046745584315627,
      "elongation": 0.4478148666904631,
      "li": 0.04768238030192906,
      "wplasmd": 0.5985475686456966,
      "betat": 0.6373944647521863,
      "Ip": 0.0
    },
    "intervention_accuracy": 0.7886977886977887
  },
  "leave_shots_out_cv": {
    "n_folds": 20,
    "edge_f1_mean": 0.888888888888889,
    "edge_f1_std": 0.0,
    "edge_f1_ci95": [
      0.888888888888889,
      0.888888888888889
    ],
    "scm_r2_mean": 0.38286954467138656,
    "scm_r2_std": 0.027765548730913654,
    "intervention_acc_mean": 0.7875043837114234,
    "intervention_acc_std": 0.016182938533496696,
    "intervention_acc_ci95": [
      0.7582782101167315,
      0.8174976801732138
    ]
  },
  "fold_results": [
    {
      "fold": 0,
      "n_train": 22526,
      "n_test": 1195,
      "test_shots": [
        27030,
        27033,
        27036,
        27087,
        27096,
        27887,
        27897,
        27918,
        29828,
        30010,
        30032,
        30120,
        30314,
        30337,
        30342,
        30354,
        30412
      ],
      "edge_f1": 0.888888888888889,
      "edge_prec": 0.8571428571428571,
      "edge_recall": 0.9230769230769231,
      "n_edges": 14,
      "r2_per_var": {
        "betan": 0.14938440415231002,
        "betap": -0.00783327450081317,
        "q_95": 0.1893587966307172,
        "q_axis": 0.7821001523063164,
        "elongation": 0.29697074050338,
        "li": 0.014935538324093445,
        "wplasmd": 0.519834564263699,
        "betat": 0.5973855979169442,
        "Ip": 0.0
      },
      "intervention_acc": 0.7571428571428571
    },
    {
      "fold": 1,
      "n_train": 22527,
      "n_test": 1194,
      "test_shots": [
        27047,
        27051,
        27057,
        27098,
        27898,
        29800,
        30029,
        30030,
        30042,
        30054,
        30055,
        30109,
        30112,
        30145,
        30158,
        30205,
        30451
      ],
      "edge_f1": 0.888888888888889,
      "edge_prec": 0.8571428571428571,
      "edge_recall": 0.9230769230769231,
      "n_edges": 14,
      "r2_per_var": {
        "betan": 0.22682889301981113,
        "betap": 0.0268509803566368,
        "q_95": 0.18134484524769168,
        "q_axis": 0.7838170679864654,
        "elongation": 0.5242279877103295,
        "li": 0.05598204273087426,
        "wplasmd": 0.6103136492435217,
        "betat": 0.6158140513519723,
        "Ip": 0.0
      },
      "intervention_acc": 0.801051051051051
    },
    {
      "fold": 2,
      "n_train": 22545,
      "n_test": 1176,
      "test_shots": [
        27014,
        27088,
        27911,
        29812,
        29818,
        29841,
        30006,
        30041,
        30056,
        30059,
        30100,
        30122,
        30128,
        30204,
        30304,
        30450
      ],
      "edge_f1": 0.888888888888889,
      "edge_prec": 0.8571428571428571,
      "edge_recall": 0.9230769230769231,
      "n_edges": 14,
      "r2_per_var": {
        "betan": 0.27477246414289735,
        "betap": -0.0008584487966614152,
        "q_95": 0.16595061615598006,
        "q_axis": 0.7768557319196971,
        "elongation": 0.4206194847882829,
        "li": 0.06726879978395417,
        "wplasmd": 0.6425372617643639,
        "betat": 0.6828724809653606,
        "Ip": 0.0
      },
      "intervention_acc": 0.76996336996337
    },
    {
      "fold": 3,
      "n_train": 22527,
      "n_test": 1194,
      "test_shots": [
        27024,
        27042,
        27058,
        29834,
        30040,
        30113,
        30156,
        30310,
        30313,
        30319,
        30338,
        30352,
        30406,
        30407,
        30441,
        30444,
        30466
      ],
      "edge_f1": 0.888888888888889,
      "edge_prec": 0.8571428571428571,
      "edge_recall": 0.9230769230769231,
      "n_edges": 14,
      "r2_per_var": {
        "betan": 0.16753870429176076,
        "betap": 0.03897338509400361,
        "q_95": 0.13972090106584845,
        "q_axis": 0.8170485136826048,
        "elongation": 0.33567502195292,
        "li": -0.0056655342029341416,
        "wplasmd": 0.29267625098080186,
        "betat": 0.5179129341285995,
        "Ip": 0.0
      },
      "intervention_acc": 0.819672131147541
    },
    {
      "fold": 4,
      "n_train": 22529,
      "n_test": 1192,
      "test_shots": [
        27009,
        27073,
        27077,
        27084,
        27086,
        29832,
        30031,
        30035,
        30044,
        30049,
        30052,
        30131,
        30154,
        30157,
        30207,
        30440,
        30468
      ],
      "edge_f1": 0.888888888888889,
      "edge_prec": 0.8571428571428571,
      "edge_recall": 0.9230769230769231,
      "n_edges": 14,
      "r2_per_var": {
        "betan": 0.3361806942968113,
        "betap": 0.044884218912333185,
        "q_95": 0.19745522120850523,
        "q_axis": 0.7812605855256776,
        "elongation": 0.41900443508676977,
        "li": 0.050514782977369777,
        "wplasmd": 0.6105297810965333,
        "betat": 0.6997700886825162,
        "Ip": 0.0
      },
      "intervention_acc": 0.7885196374622356
    },
    {
      "fold": 5,
      "n_train": 22521,
      "n_test": 1200,
      "test_shots": [
        27005,
        27064,
        27078,
        27908,
        30015,
        30034,
        30048,
        30057,
        30116,
        30305,
        30350,
        30405,
        30410,
        30411,
        30419,
        30465,
        30467
      ],
      "edge_f1": 0.888888888888889,
      "edge_prec": 0.8571428571428571,
      "edge_recall": 0.9230769230769231,
      "n_edges": 14,
      "r2_per_var": {
        "betan": 0.35285662990011335,
        "betap": 0.051133183096389145,
        "q_95": 0.20844106231019466,
        "q_axis": 0.7860611838377056,
        "elongation": 0.3003731775294597,
        "li": 0.04350532451204414,
        "wplasmd": 0.6639162889223993,
        "betat": 0.6829293353949963,
        "Ip": 0.0
      },
      "intervention_acc": 0.7595330739299611
    },
    {
      "fold": 6,
      "n_train": 22523,
      "n_test": 1198,
      "test_shots": [
        27040,
        27054,
        27082,
        27889,
        27892,
        27907,
        27917,
        29826,
        30023,
        30102,
        30134,
        30322,
        30324,
        30400,
        30409,
        30413,
        30416
      ],
      "edge_f1": 0.888888888888889,
      "edge_prec": 0.8571428571428571,
      "edge_recall": 0.9230769230769231,
      "n_edges": 14,
      "r2_per_var": {
        "betan": 0.0511668008171009,
        "betap": -0.02364224874651155,
        "q_95": 0.08470284834702313,
        "q_axis": 0.8378220464700542,
        "elongation": 0.4261429844698088,
        "li": -0.027185568350810874,
        "wplasmd": 0.3097556956254489,
        "betat": 0.4452905690006841,
        "Ip": 0.0
      },
      "intervention_acc": 0.8054094665664914
    },
    {
      "fold": 7,
      "n_train": 22545,
      "n_test": 1176,
      "test_shots": [
        27034,
        27067,
        27083,
        27894,
        29803,
        29846,
        30019,
        30058,
        30107,
        30115,
        30150,
        30303,
        30323,
        30430,
        30461,
        30463
      ],
      "edge_f1": 0.888888888888889,
      "edge_prec": 0.8571428571428571,
      "edge_recall": 0.9230769230769231,
      "n_edges": 14,
      "r2_per_var": {
        "betan": 0.2965697641894365,
        "betap": 0.02861967884441463,
        "q_95": 0.19202855478130687,