{
  "n_shots": 332,
  "n_timepoints": 23721,
  "n_vars": 9,
  "n_folds": 10,
  "edge_f1": 0.888888888888889,
  "edge_precision": 0.8571428571428571,
  "edge_recall": 0.9230769230769231,
  "n_edges": 14,
  "linear_r2_overall": 0.3696957156062126,
  "nonlinear_r2_overall": 0.6503347101255601,
  "linear_r2": {
    "betan": {
      "mean": 0.24786401987075807,
      "std": 0.06490869871899606
    },
    "betap": {
      "mean": 0.03499816656112671,
      "std": 0.02298881006272326
    },
    "q_95": {
      "mean": 0.170937579870224,
      "std": 0.031470279077323665
    },
    "q_axis": {
      "mean": 0.8030192017555237,
      "std": 0.020133465743819134
    },
    "elongation": {
      "mean": 0.442360657453537,
      "std": 0.04746129680822976
    },
    "li": {
      "mean": 0.04010072350502014,
      "std": 0.015738734600583667
    },
    "wplasmd": {
      "mean": 0.5890656352043152,
      "std": 0.0667788938454086
    },
    "betat": {
      "mean": 0.6292197406291962,
      "std": 0.06279819345836826
    },
    "Ip": {
      "mean": 0.0,
      "std": 0.0
    }
  },
  "nonlinear_r2": {
    "betan": {
      "mean": 0.9661193127605495,
      "std": 0.006615665332435357
    },
    "betap": {
      "mean": 0.19255210788232016,
      "std": 0.029500158394324977
    },
    "q_95": {
      "mean": 0.6579129554631455,
      "std": 0.04340374851379263
    },
    "q_axis": {
      "mean": 0.9624729237218232,
      "std": 0.007322015878968395
    },
    "elongation": {
      "mean": 0.584092257034177,
      "std": 0.04424561645414728
    },
    "li": {
      "mean": 0.19056038519838786,
      "std": 0.03592789305786344
    },
    "wplasmd": {
      "mean": 0.6773595631292343,
      "std": 0.0643001554716376
    },
    "betat": {
      "mean": 0.9716081758148436,
      "std": 0.00830303611661708
    },
    "Ip": {
      "mean": 0.0,
      "std": 0.0
    }
  },
  "intervention_accuracy": 0.7790188412229376,
  "intervention_acc_std": 0.011177639769894478,
  "intervention_acc_ci95": [
    0.7720908683175393,
    0.785946814128336
  ],
  "discovered_edges": [],
  "tp_pairs": [],
  "fp_pairs": [],
  "fn_pairs": []
}