{
  "auc_fused": 0.9999545813810479,
  "auc_A": 0.99888870779957,
  "auc_B": 0.8921689692790332,
  "auc_C": 0.9988339469827907,
  "r2_fused": 0.9138408226370989,
  "r2_A": 0.9307503565622923,
  "r2_B": 0.5644858215500302,
  "r2_C": 0.9305762215260707,
  "intervention": 0.7794277044837568,
  "edge_f1": 0.888888888888889,
  "n_shots": 332,
  "n_tp": 23721,
  "per_var_fused": {
    "betan": 0.9833363160211405,
    "betap": 0.9461729010991728,
    "q_95": 0.8669571296193673,
    "q_axis": 0.9578981233519541,
    "elongation": 0.7855393701650565,
    "li": 0.9345384657377527,
    "wplasmd": 0.9561683879822951,
    "betat": 0.9657087640555623,
    "Ip": 0.8282479457015874
  }
}