{
  "REAL_LABELS": true,
  "disrupted_shots": 83,
  "clean_shots": 249,
  "n_shots": 332,
  "n_tp": 23721,
  "auc": {
    "A": {
      "mean": 0.9280377490159516,
      "std": 0.023121741164201716
    },
    "B": {
      "mean": 0.8604994908964769,
      "std": 0.03317769921101665
    },
    "C": {
      "mean": 0.9336242820623883,
      "std": 0.02147748664658351
    },
    "F": {
      "mean": 0.9286489356683433,
      "std": 0.02811121684854642
    }
  },
  "f1": {
    "A": 0.5058403141348096,
    "B": 0.16178008976903663,
    "C": 0.5488233091119303,
    "F": 0.5926970276000839
  },
  "precision": {
    "A": 0.6481697899396723,
    "B": 0.7306013742988533,
    "C": 0.6720298091807151,
    "F": 0.48074759715917637
  },
  "recall": {
    "A": 0.44238318602634613,
    "B": 0.0929688932508066,
    "C": 0.49202451947764836,
    "F": 0.8108815210399616
  },
  "r2_fused": 0.8977737762344776,
  "r2_A": 0.9308069564653069,
  "r2_B": 0.5630471487319891,
  "intervention": 0.7820161936996557,
  "edge_f1": 0.888888888888889,
  "frnn_auc": 0.92,
  "per_var_fused": {
    "betan": 0.9833671991818769,
    "betap": 0.9458237555144915,
    "q_95": 0.8687088297362177,
    "q_axis": 0.9585396658807834,
    "elongation": 0.7791696565900451,
    "li": 0.9343604719426655,
    "wplasmd": 0.8993844687394803,
    "betat": 0.9670924338593814,
    "Ip": 0.7435175046653575
  }
}