{
  "label_type": "real_multi_criterion",
  "n_shots": 332,
  "n_disrupted_shots": 236,
  "n_tp": 23721,
  "n_disruption_tp": 5659,
  "disruption_rate": 0.23856498461279035,
  "auc_fused": 0.9487251292571827,
  "auc_fused_std": 0.007459589888809072,
  "auc_A": 0.9486677902682613,
  "auc_B": 0.8656430889506236,
  "auc_C": 0.9506917024583398,
  "f1_fused": 0.7819970729076434,
  "f1_A": 0.766767866629924,
  "f1_B": 0.41013083319795474,
  "edge_f1": 0.888888888888889,
  "frnn_auc": 0.92,
  "disruption_criteria": [
    "Ip_drop>50%",
    "bn_collapse>40%",
    "li_spike>150%",
    "q95<2.0"
  ]
}