{
  "labels": "REAL (Ip current quench, 83 disrupted shots)",
  "dataset": "23721 tp, 332 shots",
  "disruption_detection": {
    "fused_auc": 0.9164514373186093,
    "trackA_auc": 0.9115874241412885,
    "trackB_auc": 0.8442516317618386,
    "trackC_auc": 0.9182513541430809,
    "frnn_auc": 0.92,
    "fused_f1": 0.5996924654023578,
    "fused_recall": 0.7999088422971741
  },
  "warning_time": {
    "mean_ms": 236.36363636363637,
    "median_ms": 170.0,
    "detection_rate": 0.7951807228915663,
    "pct_gt_30ms": 0.8181818181818182,
    "false_alarm_rate": 0.6506024096385542
  },
  "ablation": {
    "A only": 0.9115874241412885,
    "B only": 0.8442516317618386,
    "C only": 0.9182513541430809,
    "A+B (avg)": 0.9113375736112106,
    "A+C (avg)": 0.9159211837975494,
    "B+C (avg)": 0.9141491410650948,
    "A+B+C (avg)": 0.9169007045867523,
    "FUSED (arb)": 0.9164514373186093
  },
  "disagreement_lift": {
    "recall_with": 0.7935278030993619,
    "recall_without": 0.7935278030993619,
    "lift_pp": 0.0
  },
  "arbitrator_weights": {
    "betan": {
      "A": 1.0,
      "B": 5.551115123125783e-17
    },
    "betap": {
      "A": 1.0,
      "B": 2.7755575615628914e-17
    },
    "q_95": {
      "A": 1.0,
      "B": 8.881784197001253e-17
    },
    "q_axis": {
      "A": 1.0,
      "B": 2.8449465006019634e-17
    },
    "elongation": {
      "A": 1.0,
      "B": 8.881784197001253e-17
    },
    "li": {
      "A": 1.0,
      "B": 5.551115123125783e-17
    },
    "wplasmd": {
      "A": 0.6,
      "B": 0.4
    },
    "betat": {
      "A": 1.0,
      "B": 1.1102230246251566e-17
    },
    "Ip": {
      "A": 0.6,
      "B": 0.4
    }
  }
}